{"cameraMode":{"drawMode":0,"name":"Shaded","section":"Shading Mode"},"sceneLighting":false,"audioPlay":false,"sceneViewState":{"m_AlwaysRefresh":false,"showFog":true,"showSkybox":false,"showFlares":true,"showImageEffects":true,"showParticleSystems":true,"showVisualEffectGraphs":true,"m_FxEnabled":true},"in2DMode":false,"pivot":{"x":-3.0280704498291017,"y":0.953597903251648,"z":1.4465411901474},"rotation":{"x":-0.002506623510271311,"y":0.9417372345924377,"z":0.008331254124641419,"w":0.33658793568611147},"size":0.17360681295394898,"orthographic":false}