{"cameraMode":{"drawMode":0,"name":"Shaded","section":"Shading Mode"},"sceneLighting":true,"audioPlay":false,"sceneViewState":{"m_AlwaysRefresh":false,"showFog":true,"showSkybox":true,"showFlares":true,"showImageEffects":true,"showParticleSystems":true,"showVisualEffectGraphs":true,"m_FxEnabled":true},"in2DMode":false,"pivot":{"x":-3.7336268424987795,"y":2.3719587326049806,"z":-18.844621658325197},"rotation":{"x":-0.27654653787612917,"y":-0.6421312093734741,"z":0.27372053265571597,"w":-0.6617177724838257},"size":0.4732975959777832,"orthographic":false}