{"cameraMode":{"drawMode":0,"name":"Shaded","section":"Shading Mode"},"sceneLighting":true,"audioPlay":false,"sceneViewState":{"m_AlwaysRefresh":false,"showFog":true,"showSkybox":true,"showFlares":true,"showImageEffects":true,"showParticleSystems":true,"showVisualEffectGraphs":true,"m_FxEnabled":true},"in2DMode":false,"pivot":{"x":19.977998733520509,"y":1.3035998344421387,"z":-18.069000244140626},"rotation":{"x":-0.23836953938007356,"y":-0.22670985758304597,"z":0.05839726701378822,"w":-0.9431086182594299},"size":0.8660253882408142,"orthographic":false}