{"cameraMode":{"drawMode":0,"name":"Shaded","section":"Shading Mode"},"sceneLighting":true,"audioPlay":false,"sceneViewState":{"m_AlwaysRefresh":false,"showFog":true,"showSkybox":true,"showFlares":true,"showImageEffects":true,"showParticleSystems":true,"showVisualEffectGraphs":true,"m_FxEnabled":true},"in2DMode":false,"pivot":{"x":-3.6280927658081056,"y":0.7414200305938721,"z":-18.077072143554689},"rotation":{"x":-0.009951434098184109,"y":0.9460198879241943,"z":-0.32587987184524538,"w":-0.020045947283506395},"size":0.8660253882408142,"orthographic":false}