{"cameraMode":{"drawMode":0,"name":"Shaded","section":"Shading Mode"},"sceneLighting":true,"audioPlay":false,"sceneViewState":{"m_AlwaysRefresh":false,"showFog":true,"showSkybox":true,"showFlares":true,"showImageEffects":true,"showParticleSystems":true,"showVisualEffectGraphs":true,"m_FxEnabled":true},"in2DMode":false,"pivot":{"x":-3.368004560470581,"y":1.1772446632385255,"z":-12.734687805175782},"rotation":{"x":-0.031771622598171237,"y":0.8880125284194946,"z":-0.06157636269927025,"w":-0.45563966035842898},"size":1.068256139755249,"orthographic":false}