{"cameraMode":{"drawMode":0,"name":"Shaded","section":"Shading Mode"},"sceneLighting":true,"audioPlay":false,"sceneViewState":{"m_AlwaysRefresh":false,"showFog":true,"showSkybox":true,"showFlares":true,"showImageEffects":true,"showParticleSystems":true,"showVisualEffectGraphs":true,"m_FxEnabled":true},"in2DMode":false,"pivot":{"x":-3.7597107887268068,"y":1.6554946899414063,"z":-18.822202682495118},"rotation":{"x":-0.23265336453914643,"y":-0.7168301939964294,"z":0.2872622013092041,"w":-0.592557966709137},"size":0.47329750657081606,"orthographic":false}