{"cameraMode":{"drawMode":0,"name":"Shaded","section":"Shading Mode"},"sceneLighting":false,"audioPlay":false,"sceneViewState":{"m_AlwaysRefresh":false,"showFog":true,"showSkybox":false,"showFlares":true,"showImageEffects":true,"showParticleSystems":true,"showVisualEffectGraphs":true,"m_FxEnabled":true},"in2DMode":false,"pivot":{"x":-0.000013792887330055237,"y":6.05359673500061e-9,"z":-0.000013792887330055237},"rotation":{"x":0.12359215319156647,"y":-0.6437992453575134,"z":0.10643874108791352,"w":0.7478482127189636},"size":0.04023784026503563,"orthographic":false}